Threshold,False Positive Rate,True Positive Rate,Precision
inf,0.0,0.0,0.0
1.0,0.0,0.3,1.0
0.0005744460504502058,0.0,0.9,1.0
9.44102939683944e-05,0.05,0.9,0.9473684210526315
7.294895476661623e-05,0.05,0.95,0.95
1.2485003026085906e-05,0.5,0.95,0.6551724137931034
1.2265016266610473e-05,0.5,1.0,0.6666666666666666
1.5137659374886425e-06,1.0,1.0,0.5
